,tag_name
0,art
1,biography
2,business
3,children-s
4,christian
5,classics
6,comics
7,cookbooks
8,ebooks
9,fantasy
10,fiction
11,graphic-novels
12,historical-fiction
13,history
14,horror
15,memoir
16,music
17,mystery
18,non-fiction
19,poetry
20,psychology
21,romance
22,science
23,science-fiction
24,self-help
25,sports
26,thriller
27,travel
28,young-adult
58,10th-century
59,11th-century
60,12th-century
61,13th-century
62,14th-century
63,15th-century
64,16th-century
65,17th-century
66,1864-shenandoah-campaign
67,18th-century
68,1917
69,19th-century
70,1st-grade
71,20th-century
72,21st-century
73,2nd-grade
74,40k
75,abandoned
76,abuse
77,academia
78,academic
79,academics
80,accounting
81,accra
82,action
83,activism
84,adaptations
85,addis-ababa
86,addition
87,adolescence
88,adoption
89,adult
90,adult-colouring-books
91,adult-fiction
92,adventure
93,adventurers
94,aeroplanes
95,africa
96,african-american
97,african-american-literature
98,african-american-romance
99,african-literature
100,agender
101,agriculture
102,aircraft
103,airliners
104,airships
105,albanian-literature
106,alchemy
107,alcohol
108,alexandria
109,algeria
110,algiers
111,algorithms
112,aliens
113,alternate-history
114,alternate-universe
115,alternative-medicine
116,amateur-sleuth
117,amazon
118,ambulance-service
119,ambulances
120,american
121,american-civil-war
122,american-classics
123,american-fiction
124,american-history
125,american-novels
126,american-revolution
127,american-revolutionary-war
128,americana
129,amish
130,amish-fiction
131,amish-historical-romance-fiction
132,ancient
133,ancient-history
134,androgyne
135,angels
136,anglo-saxon
137,angola
138,animal-fiction
139,animals
140,anime
141,anthologies
142,anthropology
143,anthropomorphic
144,anti-racist
145,antietam-campaign
146,antiquities
147,antisemitism
148,apocalyptic
149,apple
150,applied-mathematics
151,appomattox-campaign
152,archaeology
153,architecture
154,arithmetic
155,army-of-northern-virginia
156,army-of-tennessee
157,army-of-the-potomac
159,art-and-photography
160,art-books-monographs
161,art-design
162,art-history
163,arthurian
164,artificial-intelligence
165,asexual
166,asia
167,asian-literature
168,asmara
169,aspergers
170,astrology
171,astronomy
172,atheism
173,atlanta-campaign
174,atlases
175,australia
176,autobiography
177,aviation
178,aviation-history
179,azeroth
180,babylon-5
181,back-to-school
182,baha-i
183,bande-dessin%C3%A9e
184,bangladesh
185,banking
186,banks
187,banned-books
188,barter
189,baseball
190,basketball
191,batman
192,battle-of-britain
193,battle-of-gettysburg
194,battles-of-the-american-civil-ear
195,bdsm
196,beading
197,beauty-and-the-beast
198,beer
199,belgian
200,belgium
201,belief
202,benghazi
203,benin
204,beverages
205,biblical
206,biblical-fiction
207,bicycles
209,biography-memoir
210,biology
211,bird-watching
212,birds
213,bisexual
214,bisexual-romance
215,bizarro-fiction
216,black-literature
217,boarding-school
218,bolivia
219,bolsheviks
220,bombers
221,bookkeeping
222,books-about-books
223,booze
224,botswana
225,boys-love
226,brain
227,brazil
228,brazzaville
229,brewing
230,british-literature
231,buddhism
232,buffy-the-vampire-slayer
233,bulgaria
234,bulgarian-literature
235,burkina-faso
236,burundi
237,buses
239,butch-femme
240,cabo-verde
241,cairo
242,calculation
243,calculus
244,cameroon
245,campus
246,canada
247,canadian-literature
248,canon
249,canterbury-tales
250,cape-town
251,carolinas-campaign
252,carolingian
253,cars
254,cartography
255,cartoon
256,castile
257,category-romance
258,catholic
259,cats
260,central-africa
261,central-african-republic
262,chad
263,challenged-books
264,chancellorsville-campaign
265,chapter-books
266,chemistry
267,chess
268,chick-lit
269,childrens
270,childrens-classics
271,china
272,chinese-literature
273,chivalry
274,choose-your-own-adventure
276,christian-contemporary-fiction
277,christian-fantasy
278,christian-fantasy-dystopian
279,christian-fiction
280,christian-fiction-amish
281,christian-historical-fiction
282,christian-living
283,christian-non-fiction
284,christian-romance
285,christian-romance-historical
286,christianity
287,christmas
288,church
289,church-history
290,church-ministry
291,cinderella
292,cisgender
293,cities
294,civil-war
295,civil-war-confederacy
296,civil-war-eastern-theater
297,civil-war-history
298,civil-war-navy
299,civil-war-western-theater
300,class
301,class-issues
302,classic-literature
303,classical-music
304,classical-studies
306,clean-romance
307,climate-change
308,climate-change-fiction
309,climbing
310,cocktails
311,coding
312,coin-collecting
313,collections
314,college
315,colouring-books
316,comedy
317,comic-book
318,comic-strips
320,comics-manga
321,coming-of-age
322,comix
323,communication
324,comoros
325,complementary-medicine
326,computation
327,computer-reference
328,computer-science
329,computers
330,conservation
331,consumer-economics
332,contemporary
333,contemporary-romance
334,contemporary-romance-clean
336,cooking
337,coptic-language
338,coptology
339,copts
340,counselling
341,counter-culture
342,counting
343,couture
344,cozy-mystery
345,crafts
346,crime
347,criticism
348,crochet
349,cross-dressing
350,cthulhu-mythos
351,cuisine
352,culinary
353,cult-classics
354,cults
355,cultural
356,cultural-heritage
357,cultural-studies
358,list?page=2
359,list?page=3
360,list?page=4
361,list?page=5
421,curation
422,currency
423,cw-bentonville
424,cw-iuka-corinth
425,cw-stones-river
426,cw-west-va
427,cyberpunk
428,cycling
429,czech-literature
430,dakar
431,danish
432,dark
433,dark-fantasy
434,dc-comics
435,death
436,democratic-republic-of-the-congo
437,demons
438,denmark
439,design
440,detective
441,diary
442,dictionaries
443,diets
444,dinosaurs
445,disability
446,disability-studies
447,disabled-communities
448,discipleship
449,disease
450,divination
451,division
452,divorce
453,djibouti
454,doctor-who
455,dogs
456,domestic-science
457,drag
458,dragonlance
459,dragons
460,drama
461,drawing
462,dressmaking
463,drinking
464,dungeons-and-dragons
465,dungeons-and-dragons-manuals
466,dutch-literature
467,dying-earth
468,dyscalculia
469,dystopia
470,earth
471,earth-sciences
472,eastern-africa
473,eastern-philosophy
474,ecclesiology
475,ecology
476,economic-development
477,economics
478,education
479,edwardian
480,egypt
481,egyptian-literature
482,egyptology
483,electrical-engineering
484,elizabethan-period
485,emergency-services
486,engineering
487,english-civil-war
488,english-literature
489,entrepreneurship
490,environment
491,epic
492,epic-fantasy
493,epic-poetry
494,equatorial-guinea
495,eritrea
496,erotic-historical-romance
497,erotic-horror
498,erotic-paranormal-romance
499,erotic-romance
500,erotica
501,esoterica
502,esp
503,espionage
504,essays
505,ethiopia
506,ethnic
507,ethnic-studies
508,ethnicity
509,ethnography
510,eunuch
511,european-history
512,european-literature
513,evangelism
514,evolution
515,f-f-f
516,f-m-f
517,fables
518,fae
519,fairies
520,fairy-tale-retellings
521,fairy-tales
522,faith
523,family
524,family-law
525,fandom
527,fantasy-of-manners
528,fantasy-romance
529,far-right
530,fashion
531,fat
532,fat-acceptance
533,fat-studies
534,feminism
535,feminist-studies
536,feminist-theory
537,femslash
538,ferdinand-and-isabella
539,ferries
541,field-guides
542,fighters
543,figure-skating
544,film
545,finance
546,financial-management
547,finnish-literature
548,fire-engines
549,fire-services
550,firefighters
551,fitness
552,flash-fiction
553,folk-tales
554,folklore
555,food
556,food-and-drink
557,food-and-wine
558,food-history
559,food-preservation
560,food-writing
561,foodie
562,football
563,forgotten-realms
564,foster-children
565,foster-parents
566,fostering
567,foursome
568,fractured-fairy-tales
569,france
570,freetown
571,freight
572,french-literature
573,french-revolution
574,frugal
575,functional-analysis
576,funnies
577,funny
578,futurism
579,futuristic
580,futuristic-romance
581,gabon
582,gaborone
583,game-design
584,gamebooks
585,games
586,gaming
587,gaming-fiction
588,gardening
589,gastronomy
590,gay
591,gay-erotica
592,gay-fiction
593,gay-for-you
594,geek
595,gemstones
596,gender
597,gender-and-sexuality
598,gender-identity
599,gender-roles
600,gender-studies
601,genderfluid
602,genderfuck
603,genderqueer
604,genetics
605,geoffrey-chaucer
606,geography
607,geology
608,geometry
609,georgian
610,georgian-romance
611,german-literature
612,germany
613,ghana
614,ghost-stories
615,ghosts
616,gliders
617,global-warming
618,gnosticism
619,go
620,god
621,goddess
622,gods
623,golden-age-mystery
624,google
625,goth
626,gothic
627,gothic-horror
628,gothic-revival
629,gothic-romance
630,government
631,grad-school
632,graffiti
633,graphic-literature
634,graphic-non-fiction
636,graphic-novels-comics
637,graphic-novels-comics-manga
638,graphic-novels-manga
639,graphica
640,greece
641,greek-mythology
642,green
643,grimm
644,growth-mindset
645,guidebook
646,guides
647,guinea
648,guinea-bissau
649,habsburg-empire
650,habsburg-spain
651,hackers
652,halloween
653,harare
654,hard-boiled
655,hard-science-fiction
656,harem
657,harlequin
658,harlequin-blaze
659,harlequin-desire
660,harlequin-heartwarming
661,harlequin-historical
662,harlequin-kimani-romance
663,harlequin-medical-romance
664,harlequin-nocturne
665,harlequin-presents
666,harlequin-romance
667,harlequin-romantic-suspense
668,harlequin-teen
669,health
670,health-care
671,helicopters
672,herbs
673,heritage-preservation
674,heroic-fantasy
675,hierarchy
676,high-fantasy
677,high-school
678,hinduism
679,hip-hop
680,historical
681,historical-fantasy
683,historical-mystery
684,historical-romance
685,historical-romance-clean
687,history-and-politics
688,history-civil-war-eastern-theater
689,history-of-science
690,hockey
691,holiday
692,holland
693,holocaust
694,home-economics
696,horse-racing
697,horses
698,horticulture
699,hot-air-balloons
700,how-to
701,hqn
702,hugo-awards
703,huguenots
704,human-capital
705,human-development
706,human-ecology
707,human-resources
708,humanities
709,humor
710,hungarian-literature
711,hungary
712,hydrogeology
713,illness
714,income-tax
715,india
716,indian-literature
717,indigenous-history
718,indonesian-literature
719,informatics
720,information-science
721,list?page=1
785,innumeracy
786,inspirational
787,intensive-care
788,international
789,international-development
790,international-literature
791,international-relations
792,internet
793,interracial-romance
794,intersex
795,iran
796,ireland
797,irish-civil-war
798,irish-literature
799,islam
800,islamic-terrorism
801,islamism
802,israel
803,italian-literature
804,italy
805,ivory-coast
806,japan
807,japanese-history
808,japanese-literature
809,jazz
810,jewellery
811,jewellery-making
812,jewish
813,johannesburg
814,josei
815,journal
816,journaling
817,journalism
818,judaica
819,judaism
820,juvenile
821,kazakhstan
822,kenya
823,khartoum
824,kigali
825,kinshasa
826,knitting
827,komik
828,ku-klux-klan
829,labor
830,lais
831,landscaping
832,language
833,lapidary
834,latin-american
835,latin-american-history
836,latin-american-literature
837,law
838,lds
839,lds-fiction
840,lds-non-fiction
841,leadership
842,lebanon
843,led-zeppelin
844,legal-thriller
845,lenin
846,leningrad
847,lesbian
848,lesbian-fiction
849,lesbian-romance
850,lesbotronic
851,lesotho
852,lgbt
853,lgbt-memoir
854,liberia
855,librarianship
856,library-science
857,libya
858,light-novel
859,linguistics
860,literary-criticism
861,literary-fiction
862,literature
863,local-history
864,logic
865,london-underground
866,love
867,love-inspired
868,love-inspired-historical
869,love-inspired-suspense
870,love-story
871,lovecraftian
872,loveswept
873,low-fantasy
874,lusaka
875,luxemburg
876,m-f-f
877,m-f-m
878,m-m-aliens
879,m-m-contemporary
880,m-m-f
881,m-m-fantasy
882,m-m-historical-romance
883,m-m-horror
884,m-m-m
885,m-m-m-f
886,m-m-m-m
887,m-m-mystery
888,m-m-new-adult
889,m-m-office-romance
890,m-m-paranormal
891,m-m-romance
892,m-m-romantic-suspense
893,m-m-science-fiction
894,m-m-shapeshifters
895,m-m-sports-romance
896,m-m-supernatural
897,m-m-urban-fantasy
898,m-m-young-adult
899,madagascar
900,magic
901,magical-realism
902,magick
903,mail-order-brides
904,malabo
905,malawi
906,mali
907,management
908,managers
909,manga
910,manga-romance
911,manhwa
912,mannerpunk
913,maps
914,marathi
915,maritime
916,marriage
917,martial-artist
918,martial-arts
919,martyr
920,martyrdom
921,marvel
922,mary-i
923,material-culture
924,mathematics
925,mauritania
926,mauritius
927,media-tie-in
928,medical
929,medicine
930,medieval
931,medieval-history
932,medieval-romance
933,medievalesque
934,medievalism
936,menage
937,mental-health
938,mental-illness
939,mermaids
940,metallurgy
941,metaphysics
942,microhistory
943,middle-english-literature
944,middle-grade
945,military-fiction
946,military-history
947,military-romance
948,military-science-fiction
949,mills-and-boon
950,mineralogy
951,mira
952,mixed-martial-arts
953,mmorpg
954,modern
955,modern-classics
956,mogadishu
957,mombasa
958,money
959,money-management
960,monrovia
961,mormonism
962,moroccan
963,morocco
964,moscow
965,motorcycle
966,motorcycling
967,mountaineering
968,movies
969,mozambique
970,multicultural-literature
971,multiple-partners
972,multiplication
973,murder-mystery
974,muscovy
975,museology
976,museums
978,music-biography
979,musicals
980,musician-erotica
981,musicians
982,muslimah
983,muslims
985,mystery-thriller
986,mysticism
987,mythology
988,nairobi
989,namibia
990,native-american-history
991,native-americans
992,natural-history
993,nature
994,nazarene
995,nazi-party
996,near-future
997,neo-medieval
998,nerd
999,neuroscience
1000,new-adult
1001,new-adult-romance
1002,new-age
1003,new-testament
1004,new-weird
1005,new-york
1006,niger
1007,nigeria
1008,noir
1010,nordic-noir
1011,norman
1012,north-american-history
1013,northern-africa
1014,novella
1015,novels
1016,nsfw
1017,number
1018,number-theory
1019,numeracy
1020,numismatics
1021,nursery-rhymes
1022,nursing
1023,nutrition
1024,occult
1025,occult-detective
1026,old-english-literature
1027,old-testament
1028,omegaverse
1029,oral-history
1030,organizational-culture
1031,origami
1032,ornithology
1033,outdoors
1034,overland-campaign
1035,paganism
1036,pakistan
1037,palaeontology
1038,palaeozoology
1039,paranormal
1040,paranormal-mystery
1041,paranormal-romance
1042,paranormal-urban-fantasy
1043,parenting
1044,patternmaking
1045,peak-oil
1046,pediatricians
1047,pediatrics
1048,peninsula-campaign
1049,personal-development
1050,personal-finance
1051,petrograd
1052,philip-ii-of-spain
1053,philosophy
1054,photography
1055,physics
1056,picture-books
1057,picu
1058,pirates
1059,planetary-romance
1060,planetary-science
1061,planets
1062,plantagenet
1063,plants
1064,plays
1065,plus-size
1067,poland
1068,police
1069,polish-literature
1070,political-development
1071,political-science
1072,politics
1073,polyamorous
1074,polyamory
1075,polyandry
1076,polygamy
1077,polygyny
1078,pop-culture
1079,popular-science
1080,pornography
1081,portugal
1082,portuguese-literature
1083,post-apocalyptic
1084,poverty
1149,prayer
1150,pre-k
1151,pre-raphaelite
1152,prehistoric
1153,prehistory
1154,preservation
1155,presidents
1156,pretoria
1157,princesses
1158,productivity
1159,professors
1160,programming
1161,programming-languages
1162,prostitution
1163,psychiatry
1164,psychoanalysis
1165,psychological-thriller
1167,public-transport
1168,pulp
1169,pulp-adventure
1170,pulp-noir
1171,punk
1172,punx
1173,puzzles
1174,quantum-mechanics
1175,queer
1176,queer-lit
1177,queer-studies
1178,quilting
1179,rabat
1180,rabbits
1181,race
1182,racing
1183,railway-history
1184,railways
1185,read-for-college
1186,read-for-school
1187,real-person-fiction
1188,realistic-fiction
1189,realistic-young-adult
1190,recreation
1191,recruitment
1192,reference
1193,regency
1194,regency-romance
1195,regency-romance-clean
1196,relationships
1197,religion
1198,republic-of-the-congo
1199,research
1200,retellings
1201,reverse-harem
1202,road-trip
1203,robots
1204,rock-n-roll
1205,role-playing-games
1206,roman
1207,roman-britain
1209,romania
1210,romanian-literature
1211,romanovs
1212,romantic
1213,romantic-suspense
1214,romanticism
1215,royal-air-force
1216,rus
1217,russia
1218,russian-empire
1219,russian-federation
1220,russian-history
1221,russian-literature
1222,russian-revolution
1223,rwanda
1224,saint-helena
1225,sao-tome
1226,sao-tome-and-principe
1227,satanism
1228,scandinavian-literature
1229,school
1230,school-stories
1233,science-fiction-fantasy
1234,science-fiction-romance
1235,science-nature
1236,scooters
1237,scores
1238,scotland
1239,scripture
1240,seinen
1242,semiotics
1243,senegal
1244,sequential-art
1245,serbian-literature
1246,sewing
1247,sex-and-erotica
1248,sex-work
1249,sexuality
1250,seychelles
1251,shapeshifters
1252,shinigami
1253,shojo
1254,shonen
1255,short-stories
1256,short-story-collection
1257,shounen-ai
1258,siege-of-petersburg
1259,sierra-leone
1260,siglo-de-oro
1261,silhouette
1262,singularity
1263,skepticism
1264,slash-fiction
1265,slice-of-life
1266,soccer
1267,social
1268,social-change
1269,social-issues
1270,social-justice
1271,social-media
1272,social-movements
1273,social-science
1274,social-welfare
1275,social-work
1276,society
1277,sociology
1278,software
1279,soldiers
1280,somalia
1281,south-africa
1282,south-sudan
1283,southern
1284,southern-africa
1285,southern-gothic
1286,southern-war-for-independance
1287,soviet-history
1288,soviet-union
1289,space
1290,space-opera
1291,spain
1292,spanish-armada
1293,spanish-civil-war
1294,spanish-history
1295,spanish-literature
1296,speculative-fiction
1297,spider-man
1298,spiritualism
1299,spirituality
1300,splatterpunk
1302,sports-and-games
1303,sports-romance
1304,spy-thriller
1305,st-petersburg
1306,star-trek
1307,star-trek-deep-space-nine
1308,star-trek-enterprise
1309,star-trek-original-series
1310,star-trek-the-next-generation
1311,star-trek-voyager
1312,star-wars
1313,steam-trains
1314,steampunk
1315,steampunk-romance
1316,storytime
1317,street-art
1318,streetmap
1319,strippers
1320,stuart
1321,students
1322,subtraction
1323,sudan
1324,suisse
1325,sunday-comics
1326,superheroes
1327,superman
1328,supernatural
1329,superstition
1330,surreal
1331,survival
1332,suspense
1333,sustainability
1334,swashbuckling
1335,swaziland
1336,sweden
1337,swedish-literature
1338,sword-and-planet
1339,sword-and-sorcery
1340,syrian-civil-war
1341,tanzania
1342,taoism
1343,tarot
1344,tasmania
1345,taxation
1346,tea
1347,teachers
1348,teaching
1349,technical
1350,technology
1351,teen
1352,terrorism
1353,textbooks
1354,the-1700s
1355,the-americas
1356,the-gambia
1357,the-united-states-of-america
1358,the-world
1359,theatre
1360,thelema
1361,theology
1362,theory
1363,theosophy
1364,threesome
1366,time-travel
1367,time-travel-romance
1368,togo
1369,traditional-regency
1370,tragedy
1371,trains
1372,transgender
1373,transgender-romance
1374,transmississippi
1375,transport
1376,transsexual
1377,transvestism
1379,travelogue
1380,tristan-da-cunha
1381,trivia
1382,trucks
1383,true-crime
1384,true-story
1385,tsars
1386,tudor-period
1387,tunis
1388,tunisia
1389,turkish
1390,turkish-literature
1391,tv
1392,uganda
1393,ukraine
1394,ukrainian-literature
1395,underground-railway
1396,unfinished
1397,unicorns
1398,united-states
1399,urban
1400,urban-fantasy
1401,urban-fantasy-romance
1402,urban-legends
1403,urban-planning
1404,urban-studies
1405,urbanism
1406,us-presidents
1407,usability
1408,utopia
1409,vampire-hunters
1410,vampires
1411,vegan
1412,vegetarian
1413,vegetarianism
1414,vespa
1415,vicksburg-campaign
1416,victorian
1417,victorian-romance
1418,video-games
1419,viking-romance
1420,visual-art
1421,vtol
1422,walking
1423,war
1424,warcraft
1425,web
1426,webcomic
1427,website-design
1428,weird-fiction
1429,weird-west
1430,werecats
1431,werewolves
1432,western-africa
1433,western-historical-romance
1434,western-romance
1435,western-sahara
1436,westerns
1437,whodunit
1438,wicca
1439,wilderness
1440,wildlife
1441,wine
1442,witchcraft
1443,witches
1444,wizards
1445,wolves
1446,women-and-gender-studies
1447,womens
1448,womens-fiction
1513,womens-rights
1514,womens-studies
1515,wonder-woman
1516,woodwork
1517,words
1518,world-history
1519,world-of-darkness
1520,world-of-warcraft
1521,world-war-i
1522,world-war-ii
1523,writing
1524,wwii-related-fiction
1525,x-men
1526,yaoi
1528,young-adult-contemporary
1529,young-adult-fantasy
1530,young-adult-historical-fiction
1531,young-adult-paranormal
1532,young-adult-romance
1533,young-adult-science-fiction
1534,young-readers
1535,yuri
1536,zambia
1537,zen
1538,zimbabwe
1539,zombies
1540,%E6%BC%AB%E7%94%BB
